id,tanggal,username,teks,likes,retweet
1,2026-04-01 07:12:00,@ustadz_digital,Membaca konten islami setiap pagi bikin hati lebih tenang dan pikiran jernih. Alhamdulillah berkah sekali,245,89
2,2026-04-01 08:30:00,@pemuda_hijrah,Ada yang bisa rekomendasiin aplikasi baca konten islami yang bagus? Mau mulai rutin baca setiap hari,45,12
3,2026-04-02 09:15:00,@kritis_medsos,Konten islami di Twitter makin kesini makin clickbait dan provokatif. Mana konten yang benar-benar mendidik?,123,67
4,2026-04-02 10:00:00,@ibu_sholehah,Alhamdulillah anak-anak sekarang semangat baca Al-Quran digital dan konten islami online. Generasi yang lebih baik,312,134
5,2026-04-03 06:45:00,@mahasiswabaru,Sebenernya susah banget cari konten islami yang mudah dipahami buat pemula. Kebanyakan terlalu berat bahasanya,78,23
6,2026-04-03 11:20:00,@hijrah_journey,Konten islami yang berkualitas itu beneran langka sekarang. Banyak yang cuma mau viral tapi kurang substansi,98,45
7,2026-04-04 08:00:00,@belajarislamid,Baru nemu channel YouTube tentang tafsir Al-Quran yang keren banget. Penjelasannya mudah dipahami dan inspiratif,189,76
8,2026-04-04 13:30:00,@netizen_indo,Jujur aku lebih suka baca novel daripada konten islami. Konten islaminya kurang menarik dan terlalu kaku,56,18
9,2026-04-05 07:30:00,@daailislamiyah,Subhanallah artikel tentang sejarah Islam yang baru dibaca tadi bikin hati terharu. Ilmu yang sangat bermanfaat,267,98
10,2026-04-05 14:00:00,@generasiemas,Minat baca konten islami di kalangan anak muda Indonesia perlu ditingkatkan. Mari kita buat konten yang lebih relevan,145,87
11,2026-04-06 09:00:00,@pecinta_sunnah,Aplikasi Muslim Pro sangat membantu rutin baca doa dan konten islami harian. Recommended banget untuk semua,234,102
12,2026-04-06 15:30:00,@random_user123,Entah kenapa konten islami itu membosankan buat saya. Mungkin cara penyampaiannya kurang modern dan engaging,67,19
13,2026-04-07 07:00:00,@annisa_hijab,Masyaallah baru selesai khatam buku fiqih online. Teknologi digital memudahkan kita belajar Islam kapanpun,178,65
14,2026-04-07 10:45:00,@tech_muslim,Platform baca konten islami digital makin berkembang. Keren banget bisa akses kajian ulama dunia dari Indonesia,289,121
15,2026-04-08 08:30:00,@skeptis_online,Konten islami di medsos seringkali tidak terverifikasi kebenarannya. Harus hati-hati pilih sumber yang terpercaya,156,89
16,2026-04-08 12:00:00,@pelajar_muda,Tugas kuliah tentang literasi konten islami digital. Ternyata banyak banget platform yang menyediakan kajian berkualitas,89,34
17,2026-04-09 07:15:00,@ustadzah_online,Alhamdulillah konten islami yang kita buat sudah dibaca ribuan orang. Semoga bermanfaat untuk umat,345,167
18,2026-04-09 16:00:00,@bored_netizen,Udah scroll media sosial sejam tapi konten islami yang muncul itu-itu aja. Kurang variatif dan tidak inovatif,43,11
19,2026-04-10 08:00:00,@muallaf_baru,Sebagai muallaf sangat terbantu dengan konten islami online yang ramah pemula. Jazakallah khairan kepada para pembuat konten,198,87
20,2026-04-10 11:30:00,@ibu_rumahan,Sering share artikel islami ke grup keluarga. Lumayan buat dakwah digital sehari-hari yang bermanfaat,123,56
21,2026-04-11 07:00:00,@ayah_teladan,Mengajarkan anak membaca konten islami sejak dini sangat penting untuk membentuk karakter islami yang kuat,234,112
22,2026-04-11 14:00:00,@pemuda_kritis,Banyak konten islami yang malah memecah belah umat. Harusnya konten islami mempersatukan bukan memfitnah,178,93
23,2026-04-12 09:30:00,@santri_digital,Pondok pesantren kami sekarang sudah pakai platform digital untuk baca kitab kuning. Luar biasa perkembangan teknologi,267,134
24,2026-04-12 16:30:00,@warga_biasa,Jujur lebih suka baca berita hiburan daripada konten islami. Tidak bermaksud tidak religius ya hehe,34,8
25,2026-04-13 07:30:00,@hijrah_squad,Setelah hijrah jadi lebih semangat baca konten islami dan kajian online. Hidup jadi lebih bermakna alhamdulillah,289,145
26,2026-04-13 10:00:00,@content_creator,Sedang riset konten islami untuk channel baru. Ternyata demand-nya tinggi tapi supply konten berkualitas masih kurang,156,72
27,2026-04-14 08:15:00,@muslimah_produktif,Baca buku islami digital sambil nyusui bayi. Alhamdulillah teknologi memudahkan ibu muda belajar agama,223,98
28,2026-04-14 13:45:00,@galau_banget,Konten islami sering bikin saya merasa guilty trip terus. Kurang konten yang memotivasi dan membangkitkan semangat,87,29
29,2026-04-15 07:00:00,@akademisi_islam,Penelitian menunjukkan minat baca konten islami digital terus meningkat di Indonesia. Tren yang sangat positif,312,167
30,2026-04-15 11:00:00,@guru_ngaji,Alhamdulillah metode ngaji online via aplikasi sangat membantu anak-anak yang tidak bisa datang ke TPQ langsung,198,89
31,2026-04-16 08:00:00,@digital_nomad,Sering baca konten islami sambil kerja di kafe. Teknologi memang memudahkan akses ilmu agama di mana saja,145,67
32,2026-04-16 15:00:00,@remaja_zaman,Konten islami yang ada sekarang kurang relate sama kehidupan anak muda. Perlu ada konten yang lebih kekinian,112,45
33,2026-04-17 07:30:00,@convert_muslim,Setelah masuk Islam langsung cari banyak konten islami online. Sangat terbantu dengan banyaknya sumber belajar,267,123
34,2026-04-17 12:00:00,@mahasiswa_s2,Sedang nulis tesis tentang konsumsi konten islami digital di kalangan milenial Indonesia. Temuannya sangat menarik,89,45
35,2026-04-18 08:00:00,@emak_emak,Grup whatsapp ibu-ibu rajin share konten islami setiap pagi. Alhamdulillah saling mengingatkan dan menyemangati,178,78
36,2026-04-18 16:00:00,@lelaki_sibuk,Tidak ada waktu buat baca konten islami yang panjang. Perlu konten yang singkat padat dan langsung intinya,67,23
37,2026-04-19 07:00:00,@youtuber_dakwah,Alhamdulillah subscribers channel dakwah kami sudah 500K. Terima kasih atas dukungan semua yang selalu setia,456,234
38,2026-04-19 10:30:00,@orang_tua,Khawatir anak-anak lebih suka nonton konten hiburan daripada baca konten islami. Gimana cara menarik minat mereka,123,56
39,2026-04-20 08:00:00,@anak_rantau,Di perantauan jadi lebih rajin baca konten islami online. Obat rindu kampung dan pengingat nilai-nilai agama,212,98
40,2026-04-20 14:00:00,@netizen_nyinyir,Konten islami yang viral itu biasanya yang kontroversial bukan yang mendidik. Sedih melihat kondisi ini,145,78
41,2026-04-21 07:30:00,@dosen_komunikasi,Mengajar mata kuliah komunikasi Islam. Sangat bangga melihat mahasiswa antusias riset konten islami digital,234,112
42,2026-04-21 11:00:00,@single_parent,Konten islami parenting online sangat membantu saya mendidik anak seorang diri. Jazakallah para penulis,189,87
43,2026-04-22 08:00:00,@pengusaha_muda,Strategi bisnis islami yang baca online benar-benar mengubah cara saya berbisnis. Barakah dan menguntungkan,267,134
44,2026-04-22 15:30:00,@capek_hidup,Kadang baca konten islami malah bikin stress karena terlalu banyak larangan dan tuntutan. Perlu konten yang lebih positif,78,34
45,2026-04-23 07:00:00,@hafizh_muda,Menghafalkan Al-Quran lebih mudah dengan aplikasi digital yang ada sekarang. Alhamdulillah sangat membantu sekali,312,156
46,2026-04-23 10:00:00,@jurnalis_muda,Meliput perkembangan konten islami digital di Indonesia. Ekosistemnya berkembang sangat pesat dan menjanjikan,145,67
47,2026-04-24 08:30:00,@ibu_milenial,Senang baca artikel parenting islami online karena praktis dan bisa dibaca sambil menunggu anak sekolah,198,89
48,2026-04-24 13:00:00,@bingung_hidup,Sering dapat kiriman konten islami di medsos tapi tidak pernah dibaca sampai habis. Kontennya terlalu panjang,56,17
49,2026-04-25 07:00:00,@pns_soleh,Setiap pagi sebelum kerja sempatkan baca artikel islami. Membuat hati lebih tenang dan siap menghadapi hari,223,98
50,2026-04-25 12:00:00,@komika_muslim,Bikin konten dakwah dengan pendekatan humor ternyata lebih banyak yang baca dan share. Dakwah bisa asik,345,178
51,2026-04-26 08:00:00,@pesimis_aja,Konten islami di Indonesia masih didominasi konten arabisasi yang kurang kontekstual dengan budaya lokal kita,112,56
52,2026-04-26 15:00:00,@muda_semangat,Ikut komunitas baca buku islami online setiap minggu. Seru bisa diskusi dengan sesama muslimah yang inspiratif,189,87
53,2026-04-27 07:30:00,@ustadz_gaul,Konten islami harus dikemas lebih modern dan kekinian agar bisa menjangkau generasi Z yang butuh konten relevan,256,123
54,2026-04-27 11:00:00,@mahasiswi_aktif,Perpustakaan digital islami memudahkan saya riset skripsi tentang perkembangan Islam di Indonesia modern,134,67
55,2026-04-28 08:00:00,@bapak_bijak,Mengajak anak-anak ikut webinar kajian islami online setiap weekend. Investasi terbaik untuk generasi penerus,245,112
56,2026-04-28 14:00:00,@pemalas_tobat,Semangat baca konten islami tapi sering keburu ketiduran. Kayaknya harus lebih disiplin mengatur waktu,67,23
57,2026-04-29 07:00:00,@muslimah_karir,Konten islami tentang muslimah karir sangat sedikit. Kebanyakan masih membahas peran domestik saja,134,72
58,2026-04-29 10:30:00,@anak_pesantren,Bangga pesantren kami sudah go digital. Santri bisa akses konten islami berkualitas dari seluruh dunia,289,145
59,2026-04-30 07:30:00,@pasangan_baru,Baca buku fiqih nikah online bareng pasangan sebelum nikah. Sangat bermanfaat untuk persiapan pernikahan islami,312,167
60,2026-04-30 16:00:00,@hopeless_guy,Banyak konten islami yang judulnya menarik tapi isinya mengecewakan dan tidak bersubstansi sama sekali,78,34
61,2026-05-01 08:00:00,@aktivis_dakwah,Alhamdulillah gerakan literasi islami digital semakin masif. Mari kita dukung para penulis konten islami berkualitas,289,145
62,2026-05-01 12:00:00,@ibu_berpendidikan,Membaca konten islami setiap hari sebagai bagian dari self-development. Sangat meningkatkan wawasan keislaman,198,89
63,2026-05-02 07:00:00,@pengamat_media,Konten islami di platform digital Indonesia tumbuh 40 persen tahun ini. Potensi yang luar biasa untuk dikembangkan,234,112
64,2026-05-02 14:30:00,@frustrasi_nih,Konten islami terlalu sering membahas hal yang sama berulang-ulang. Tidak ada inovasi dan kreativitas sama sekali,89,34
65,2026-05-03 08:30:00,@remaja_hijrah,Sejak hijrah rutin baca konten islami setiap hari. Alhamdulillah hidup jadi lebih terarah dan bermakna,267,134
66,2026-05-03 11:00:00,@kreator_konten,Butuh riset mendalam sebelum buat konten islami. Tanggung jawab besar karena menyangkut ilmu agama yang sakral,156,78
67,2026-05-04 07:00:00,@dokter_muslim,Konten islami tentang kesehatan dan kedokteran Islam sangat dibutuhkan masyarakat. Saya akan mulai membuat,223,102
68,2026-05-04 15:00:00,@males_ngaji,Niatnya mau baca konten islami tapi selalu kalah sama scrolling sosmed yang tidak bermanfaat,56,19
69,2026-05-05 08:00:00,@kepsek_islami,Sekolah kami wajibkan siswa baca satu artikel islami per hari. Hasilnya karakter siswa jauh lebih baik,312,156
70,2026-05-05 12:30:00,@bujang_lapok,Konten islami tidak ada yang bahas isu anak muda masa kini. Relevansinya kurang dengan kehidupan sehari-hari,78,28
71,2026-05-06 07:30:00,@peneliti_muda,Data penelitian menunjukkan konsumsi konten islami digital meningkat signifikan pasca pandemi COVID-19,189,89
72,2026-05-06 10:00:00,@emak_viral,Konten parenting islami yang saya tulis dibaca jutaan orang. Alhamdulillah bisa memberi manfaat yang luas,456,234
73,2026-05-07 08:00:00,@perantau_jawa,Jauh dari keluarga jadi makin rajin baca konten islami untuk menjaga keimanan di perantauan,234,112
74,2026-05-07 14:00:00,@toxic_person,Konten islami malah sering dijadikan alat untuk menghakimi orang lain. Merusak nilai-nilai Islam itu sendiri,134,67
75,2026-05-08 07:00:00,@guru_sd,Siswa SD sekarang sudah bisa akses konten islami digital sendiri. Perlu panduan orang tua dalam memilih konten,198,89
76,2026-05-08 11:30:00,@fresh_graduate,Setelah lulus kuliah makin sering baca konten islami untuk bekal hidup mandiri. Banyak hikmah yang bisa dipetik,167,78
77,2026-05-09 08:30:00,@wirausaha_berkah,Prinsip bisnis islami yang dipelajari dari konten online benar-benar mengubah mindset berbisnis saya,245,112
78,2026-05-09 15:00:00,@apatis_nih,Konten islami itu tidak menarik buat generasi yang sudah terbiasa dengan konten hiburan yang seru,56,21
79,2026-05-10 07:00:00,@komunitas_muslimah,Workshop literasi islami digital yang kami adakan diikuti 500 peserta. Antusiasme luar biasa dari masyarakat,345,178
80,2026-05-10 10:00:00,@bijak_bestari,Konten islami yang dikemas dengan storytelling lebih mudah dicerna dan diingat dibanding ceramah konvensional,289,134
81,2026-05-11 08:00:00,@santai_aja,Kadang bingung mau mulai dari mana belajar Islam secara online. Terlalu banyak pilihan konten yang tersedia,112,45
82,2026-05-11 13:00:00,@ikhwan_semangat,Bergabung dengan komunitas baca islami online adalah keputusan terbaik tahun ini. Banyak ilmu dan teman baru,234,112
83,2026-05-12 07:30:00,@muslimah_cantik,Konten tentang kecantikan dan fashion muslimah islami yang edukatif sangat diminati. Prospek sangat menjanjikan,178,87
84,2026-05-12 11:00:00,@tidak_puas,Kualitas konten islami di Indonesia masih jauh di bawah konten dari negara-negara Muslim lain seperti Malaysia,98,45
85,2026-05-13 08:00:00,@ayahkeren,Membacakan cerita islami untuk anak sebelum tidur setiap malam. Rutinitas yang mempererat ikatan keluarga,267,123
86,2026-05-13 14:30:00,@bad_mood,Konten islami yang terlalu menggurui membuat saya malas membaca. Butuh konten yang lebih dialogis dan interaktif,89,38
87,2026-05-14 07:00:00,@muslimah_peduli,Donasi untuk platform islami gratis itu penting agar konten berkualitas bisa diakses semua kalangan masyarakat,189,89
88,2026-05-14 10:30:00,@gen_z_muslim,Sebagai gen Z aku prefer konten islami yang singkat di TikTok atau Reels daripada artikel panjang,156,72
89,2026-05-15 08:00:00,@pesantren_modern,Integrasi teknologi di pesantren kami meningkatkan minat santri baca konten islami berlipat ganda,312,156
90,2026-05-15 12:00:00,@pengangguran_nih,Nganggur jadi banyak waktu baca konten islami. Lumayan ngisi waktu daripada gabut tidak ada kegiatan,67,23
91,2026-05-16 07:30:00,@cendekiawan,Diskursus intelektual islami di media digital Indonesia semakin kaya dan beragam. Perkembangan sangat positif,245,112
92,2026-05-16 11:00:00,@muda_galau,Konten islami tentang mental health dan kesehatan jiwa dalam Islam sangat dibutuhkan generasi sekarang,198,98
93,2026-05-17 08:00:00,@ibu_sibuk,Podcast islami sangat membantu saya yang tidak bisa baca panjang karena kesibukan mengurus keluarga sehari-hari,234,108
94,2026-05-17 15:00:00,@kesal_banget,Konten islami di Facebook yang sering di-share itu kebanyakan tidak jelas sumbernya dan tidak bisa dipercaya,112,56
95,2026-05-18 07:00:00,@duta_dakwah,Mari kita jadikan Indonesia sebagai pusat konten islami berkualitas dunia. Kita punya potensi yang besar,289,145
96,2026-05-18 10:00:00,@intelektual_muda,Kajian tafsir kontemporer yang bisa diakses online membuka wawasan baru tentang relevansi Islam di era modern,267,123
97,2026-05-19 08:30:00,@tukang_kritik,Miris melihat banyak konten islami yang dibuat hanya untuk viral tanpa memperhatikan keakuratan ilmu agama,134,67
98,2026-05-19 13:00:00,@semangat45,Alhamdulillah program literasi islami digital berhasil menjangkau ribuan pelajar di seluruh pelosok Indonesia,345,178
99,2026-05-20 07:00:00,@bunda_solehah,Momen Ramadan jadi waktu terbaik untuk tingkatkan konsumsi konten islami berkualitas. Semangat bermuhasabah,289,134
100,2026-05-20 11:00:00,@reflektif_nih,Konten islami yang paling berkesan adalah yang berhasil mengubah perilaku pembacanya menjadi lebih baik,223,102
